index,Bool_hp,Bool_hpdhw,E_bu,E_budhw,E_cons,E_hp,E_hpdhw,Q_dhwst_hd,Q_hp_sh,Q_hp_ts,Q_loss_dhwst,Q_loss_ts,Q_ts,Q_ts_delta,Q_ts_sh,T_dhwst,T_ts,Set_T,Temp,Req_kWh,Req_kWh_DHW,Temp_supply,Temp_supply_tank,COP_SH,COP_tank,COP_DHW,hp_sh_cons,hp_tank_cons,hp_dhw_cons,Price_flat,Price_DT,Export_price,Price_flat_mod,Price_DT_mod,T_var,Cooling,season,T_aux_supply
2017-01-02 00:00:00+01:00,1.0,0.0,0.015013529581280329,0.0,1.4650135295812805,1.45,0.0,0.0,0.0,2.6395135295812797,0.0,0.0,0.022039075654902263,0.022039075654594408,2.6174744539266857,313.15,315.41406748053413,293.15,269.95,3.3132,0.0,315.4116925801403,319.1732794243673,2.06,1.81,1.62,5.5,5.8,5.8,0.29000000000000004,0.1646,0.05185,0.1716,0.13003399999999998,-1.6749999999999983,0,0.0,319.1732794243673
2017-01-02 00:15:00+01:00,0.0,1.0,0.0,0.0,1.4499999999999995,0.0,1.4499999999999995,0.0,0.0,0.0,0.00448803063080036,0.022039075654338932,0.0,-0.022039075654447515,0.0,323.2556550403845,315.4116925801403,293.15,269.95,3.3132,0.0,315.4116925801403,319.1732794243673,2.06,1.81,1.62,5.5,5.8,5.8,0.29000000000000004,0.1646,0.05185,0.1716,0.13003399999999998,-1.6749999999999983,0,0.0,319.1732794243673
2017-01-02 00:30:00+01:00,1.0,0.0,0.0,0.0,1.45,1.45,0.0,0.0,0.0,2.6245,0.004485148613495596,0.022039075654338932,0.0,0.0,2.6024609243455523,323.2363225032574,315.4116925801403,293.15,269.95,3.3132,0.0,315.4116925801403,319.1732794243673,2.06,1.81,1.62,5.5,5.8,5.8,0.29000000000000004,0.1646,0.05185,0.1716,0.13003399999999998,-1.6749999999999983,0,0.0,319.1732794243673
2017-01-02 00:45:00+01:00,1.0,0.0,0.0,0.0,1.45,1.45,0.0,0.0,0.0,2.6245,0.0044822684468965104,0.022039075654338932,0.0,0.0,2.6024609243455523,323.21700238064153,315.4116925801403,293.15,269.95,3.3132,0.0,315.4116925801403,319.1732794243673,2.06,1.81,1.62,5.5,5.8,5.8,0.29000000000000004,0.1646,0.05185,0.1716,0.13003399999999998,-1.6749999999999983,0,0.0,319.1732794243673
2017-01-02 01:00:00+01:00,1.0,0.0,0.0,0.0,1.45,1.45,0.0,0.0,0.0,2.6245,0.004479390129814653,0.022039075654338932,0.0,0.0,2.6024609243455523,323.1976946645647,315.4116925801403,293.15,270.15,1.24486,0.0,315.4116925801403,319.1732794243673,2.06,1.81,1.62,5.5,5.8,5.8,0.29000000000000004,0.1646,0.05004,0.1716,0.13003399999999998,-1.6749999999999983,0,0.0,319.1732794243673
2017-01-02 01:15:00+01:00,1.0,0.0,0.0,0.0,1.45,1.45,0.0,0.0,0.0,2.6245,0.004476513661062345,0.022039075654338932,0.0,0.0,2.6024609243455523,323.1783993470602,315.4116925801403,293.15,270.15,1.24486,0.0,315.4116925801403,319.1732794243673,2.06,1.81,1.62,5.5,5.8,5.8,0.29000000000000004,0.1646,0.05004,0.1716,0.13003399999999998,-1.6749999999999983,0,0.0,319.1732794243673
2017-01-02 01:30:00+01:00,1.0,0.0,0.0,0.0,1.45,1.45,0.0,0.0,0.0,2.6245,0.004473639039452672,0.022039075654338932,0.0,0.0,2.6024609243455523,323.159116420166,315.4116925801403,293.15,270.15,1.24486,0.0,315.4116925801403,319.1732794243673,2.06,1.81,1.62,5.5,5.8,5.8,0.29000000000000004,0.1646,0.05004,0.1716,0.13003399999999998,-1.6749999999999983,0,0.0,319.1732794243673
2017-01-02 01:45:00+01:00,1.0,0.0,0.0,0.0,1.45,1.45,0.0,0.0,0.0,2.6245,0.0044707662637994755,0.022039075654338932,0.0,0.0,2.6024609243455523,323.13984587592546,315.4116925801403,293.15,270.15,1.24486,0.0,315.4116925801403,319.1732794243673,2.06,1.81,1.62,5.5,5.8,5.8,0.29000000000000004,0.1646,0.05004,0.1716,0.13003399999999998,-1.6749999999999983,0,0.0,319.1732794243673
2017-01-02 02:00:00+01:00,1.0,0.0,0.0,0.0,1.45,1.45,0.0,0.0,0.0,2.6245,0.00446789533291736,0.022039075654338932,0.0,0.0,2.6024609243455523,323.12058770638714,315.4116925801403,293.15,269.75,1.942735,0.0,315.4116925801403,319.1732794243673,2.06,1.81,1.62,5.5,5.8,5.8,0.29000000000000004,0.1646,0.04834,0.1716,0.13003399999999998,-1.6749999999999983,0,0.0,319.1732794243673
2017-01-02 02:15:00+01:00,1.0,0.0,0.0,0.0,1.45,1.45,0.0,0.0,0.0,2.6245,0.004465026245621707,0.022039075654338932,0.0,0.0,2.6024609243455523,323.10134190360424,315.4116925801403,293.15,269.75,1.942735,0.0,315.4116925801403,319.1732794243673,2.06,1.81,1.62,5.5,5.8,5.8,0.29000000000000004,0.1646,0.04834,0.1716,0.13003399999999998,-1.6749999999999983,0,0.0,319.1732794243673
2017-01-02 02:30:00+01:00,1.0,0.0,0.0,0.0,1.45,1.45,0.0,0.0,0.0,2.6245,0.00446215900072864,0.022039075654338932,0.0,0.0,2.6024609243455523,323.0821084596356,315.4116925801403,293.15,269.75,1.942735,0.0,315.4116925801403,319.1732794243673,2.06,1.81,1.62,5.5,5.8,5.8,0.29000000000000004,0.1646,0.04834,0.1716,0.13003399999999998,-1.6749999999999983,0,0.0,319.1732794243673
2017-01-02 02:45:00+01:00,1.0,0.0,0.0,0.0,1.45,1.45,0.0,0.0,0.0,2.6245,0.0044592935970550465,0.022039075654338932,0.0,0.0,2.6024609243455523,323.0628873665449,315.4116925801403,293.15,269.75,1.942735,0.0,315.4116925801403,319.1732794243673,2.06,1.81,1.62,5.5,5.8,5.8,0.29000000000000004,0.1646,0.04834,0.1716,0.13003399999999998,-1.6749999999999983,0,0.0,319.1732794243673
2017-01-02 03:00:00+01:00,1.0,0.0,0.0,0.0,1.45,1.45,0.0,0.0,0.0,2.6245,0.004456430033418571,0.022039075654338932,0.0,0.0,2.6024609243455523,323.04367861640077,315.4116925801403,293.15,269.25,2.7888,0.0,315.4116925801403,319.1732794243673,2.06,1.81,1.62,5.5,5.8,5.8,0.29000000000000004,0.1646,0.04689,0.1716,0.13003399999999998,-1.6749999999999983,0,0.0,319.1732794243673
2017-01-02 03:15:00+01:00,1.0,0.0,0.0,0.0,1.45,1.45,0.0,0.00656791666666666,0.0,2.6245,0.004449350679337222,0.022039075654338932,0.0,0.0,2.6024609243455523,322.99619039508184,315.4116925801403,293.15,269.25,2.7888,0.00656791666666666,315.4116925801403,319.1732794243673,2.06,1.81,1.62,5.5,5.8,5.8,0.29000000000000004,0.1646,0.04689,0.1716,0.13003399999999998,-1.6749999999999983,0,0.0,319.1732794243673
2017-01-02 03:30:00+01:00,1.0,0.0,0.0,0.0,1.45,1.45,0.0,0.0327158333333333,0.0,2.6245,0.0044254848209528755,0.022039075654338932,0.0,0.0,2.6024609243455523,322.83609850648577,315.4116925801403,293.15,269.25,2.7888,0.0327158333333333,315.4116925801403,319.1732794243673,2.06,1.81,1.62,5.5,5.8,5.8,0.29000000000000004,0.1646,0.04689,0.1716,0.13003399999999998,-1.6749999999999983,0,0.0,319.1732794243673
2017-01-02 03:45:00+01:00,1.0,0.0,0.0,0.0,1.45,1.45,0.0,0.163375416666666,0.0,2.6245,0.0043177304089121885,0.022241059701387456,1.8933454107177567,1.8933454107177567,0.7089135295811378,322.11328321736687,315.6157168700883,293.15,269.25,2.7888,0.163375416666666,315.4116925801403,319.1732794243673,2.06,1.81,1.62,5.5,5.8,5.8,0.29000000000000004,0.1646,0.04689,0.1716,0.13003399999999998,-1.6749999999999983,0,0.0,319.1732794243673
2017-01-02 04:00:00+01:00,0.0,1.0,0.0,0.0,1.45,0.0,1.45,0.00135083333333333,0.0,0.0,0.0058225155375489215,0.022039075654338932,0.0,-1.8933454107177567,1.8713063350633088,332.20736361016475,315.4116925801403,293.15,269.04999999999995,1.2498775,0.00135083333333333,315.4116925801403,319.1732794243673,2.06,1.81,1.62,5.5,5.8,5.8,0.29000000000000004,0.1646,0.04551,0.1716,0.13003399999999998,-1.6749999999999983,0,0.0,319.1732794243673
2017-01-02 04:15:00+01:00,1.0,0.0,0.0,0.0,1.45,1.45,0.0,0.00760291666666666,0.0,2.6245,0.005813894311198331,0.022039075654338932,0.0,0.0,2.6024609243455523,332.14953252836364,315.4116925801403,293.15,269.04999999999995,1.2498775,0.00760291666666666,315.4116925801403,319.1732794243673,2.06,1.81,1.62,5.5,5.8,5.8,0.29000000000000004,0.1646,0.04551,0.1716,0.13003399999999998,-1.6749999999999983,0,0.0,319.1732794243673
2017-01-02 04:30:00+01:00,1.0,0.0,0.0,0.0,1.45,1.45,0.0,0.0,0.0,2.6245,0.0058101608821308146,0.022039075654338932,0.0,0.0,2.6024609243455523,332.1244887314578,315.4116925801403,293.15,269.04999999999995,1.2498775,0.0,315.4116925801403,319.1732794243673,2.06,1.81,1.62,5.5,5.8,5.8,0.29000000000000004,0.1646,0.04551,0.1716,0.13003399999999998,-1.6749999999999983,0,0.0,319.1732794243673
2017-01-02 04:45:00+01:00,1.0,0.0,0.0,0.0,1.45,1.45,0.0,0.0,0.0,2.6245,0.0058064298505084225,0.022039075654338932,0.0,0.0,2.6024609243455523,332.099461016585,315.4116925801403,293.15,269.04999999999995,1.2498775,0.0,315.4116925801403,319.1732794243673,2.06,1.81,1.62,5.5,5.8,5.8,0.29000000000000004,0.1646,0.04551,0.1716,0.13003399999999998,-1.6749999999999983,0,0.0,319.1732794243673
2017-01-02 05:00:00+01:00,1.0,0.0,0.0,0.0,1.45,1.45,0.0,0.0030854166666666604,0.0,2.6245,0.005800719894930591,0.02223053168781386,1.7946585764116207,1.7946585764116207,0.8076108919000347,332.06115870381944,315.6050825129433,293.15,268.65,1.3716975,0.0030854166666666604,315.4116925801403,319.1732794243673,2.06,1.81,1.62,5.5,5.8,5.8,0.29000000000000004,0.1646,0.04679,0.1716,0.13003399999999998,-1.6749999999999983,0,0.0,319.1732794243673
2017-01-02 05:15:00+01:00,1.0,0.0,0.0,0.0,1.45,1.45,0.0,0.0395758333333333,0.0,2.6245,0.005771581053778979,0.022508114873834858,4.396650461537774,2.6019918851261536,0.0,331.86569571077155,315.88546956953013,293.15,268.65,1.3716975,0.0395758333333333,315.4116925801403,319.1732794243673,2.06,1.81,1.62,5.5,5.8,5.8,0.29000000000000004,0.1646,0.04679,0.1716,0.13003399999999998,-1.6749999999999983,0,0.0,319.1732794243673
2017-01-02 05:30:00+01:00,1.0,0.0,0.0,0.0,1.45,1.45,0.0,0.0724645833333333,0.0,2.6245,0.005721341205130286,0.022785668450153233,6.998364793087603,2.6017143315498292,0.0,331.5286874153471,316.1658267173265,293.15,268.65,1.3716975,0.0724645833333333,315.4116925801403,319.1732794243673,2.06,1.81,1.62,5.5,5.8,5.8,0.29000000000000004,0.1646,0.04679,0.1716,0.13003399999999998,-1.6749999999999983,0,0.0,319.1732794243673
2017-01-02 05:45:00+01:00,1.0,0.0,0.0,0.0,1.45,1.45,0.0,0.19025875,0.0,2.6245,0.00559549134787521,0.02306319241992738,9.599801600667432,2.60143680757983,0.0,330.68448809919244,316.44615395952263,293.15,268.65,1.3716975,0.19025875,315.4116925801403,319.1732794243673,2.06,1.81,1.62,5.5,5.8,5.8,0.29000000000000004,0.1646,0.04679,0.1716,0.13003399999999998,-1.6749999999999983,0,0.0,319.1732794243673
2017-01-02 06:00:00+01:00,1.0,0.0,0.0,0.0,1.45,1.45,0.0,0.561667083333333,0.0,2.6245,0.0052312200914900395,0.022039075654338932,0.0,-9.599801600667432,12.202262525012983,328.2409609292578,315.4116925801403,293.15,268.25,1.7770175,0.561667083333333,315.4116925801403,319.1732794243673,2.06,1.81,1.62,5.5,5.8,5.8,0.29000000000000004,0.1646,0.051289999999999995,0.1716,0.13003399999999998,-1.6749999999999983,0,0.0,319.1732794243673
2017-01-02 06:15:00+01:00,1.0,0.0,0.0,0.0,1.45,1.45,0.0,0.5010908333333329,0.0,2.6245,0.0049060821769356866,0.022039075654338932,0.0,0.0,2.6024609243455523,326.05993974171355,315.4116925801403,293.15,268.25,1.7770175,0.5010908333333329,315.4116925801403,319.1732794243673,2.06,1.81,1.62,5.5,5.8,5.8,0.29000000000000004,0.1646,0.051289999999999995,0.1716,0.13003399999999998,-1.6749999999999983,0,0.0,319.1732794243673
2017-01-02 06:30:00+01:00,1.0,0.0,0.0,0.0,1.45,1.45,0.0,0.668401666666666,0.0,2.6245,0.00447371334008273,0.022096693734949543,0.5400967556233809,0.5400967556233809,2.0623065506414626,323.1596148278913,315.46989266156515,293.15,268.25,1.7770175,0.668401666666666,315.4116925801403,319.1732794243673,2.06,1.81,1.62,5.5,5.8,5.8,0.29000000000000004,0.1646,0.051289999999999995,0.1716,0.13003399999999998,-1.6749999999999983,0,0.0,319.1732794243673
2017-01-02 06:45:00+01:00,1.0,0.0,0.0,0.0,1.45,1.45,0.0,0.4445458333333329,0.0,2.6245,0.004185372593295157,0.022374291197418798,3.1422224644256858,2.6021257088023053,0.0,321.225428595449,315.7502941388068,293.15,268.25,1.7770175,0.4445458333333329,315.4116925801403,319.1732794243673,2.06,1.81,1.62,5.5,5.8,5.8,0.29000000000000004,0.1646,0.051289999999999995,0.1716,0.13003399999999998,-1.6749999999999983,0,0.0,319.1732794243673
2017-01-02 07:00:00+01:00,0.0,1.0,0.0,0.0,0.0,0.0,0.0,0.3366079166666661,0.0,0.0,0.003966530023403907,0.02237190453949917,3.11985055988589,-0.02237190453979565,0.0,319.7574352907504,315.74788337323145,293.15,268.15,2.43974,0.3366079166666661,315.4116925801403,319.1732794243673,2.06,1.81,1.62,5.5,5.8,5.8,0.29000000000000004,0.2588,0.06097,0.1716,0.204452,-1.6749999999999983,0,0.0,319.1732794243673
2017-01-02 07:15:00+01:00,0.0,1.0,0.0,0.0,0.0,0.0,0.0,0.35469416666666603,0.0,0.0,0.0037362137846273648,0.022369518136163447,3.0974810417496883,-0.022369518136201805,0.0,318.2124767543224,315.74547286481163,293.15,268.15,2.43974,0.35469416666666603,315.4116925801403,319.1732794243673,2.06,1.81,1.62,5.5,5.8,5.8,0.29000000000000004,0.2588,0.06097,0.1716,0.204452,-1.6749999999999983,0,0.0,319.1732794243673
2017-01-02 07:30:00+01:00,0.0,1.0,0.0,0.0,0.0,0.0,0.0,0.154207916666666,0.0,0.0,0.003634788960558036,0.02236713198738466,3.075113909762422,-0.022367131987266475,0.0,317.5321202645498,315.74306261351984,293.15,268.15,2.43974,0.154207916666666,315.4116925801403,319.1732794243673,2.06,1.81,1.62,5.5,5.8,5.8,0.29000000000000004,0.2588,0.06097,0.1716,0.204452,-1.6749999999999983,0,0.0,319.1732794243673
2017-01-02 07:45:00+01:00,0.0,1.0,0.0,0.0,0.1974330619016129,0.0,0.1974330619016129,0.226695833333333,0.0,0.0,0.0036922689765082548,0.02236474609313549,3.0527491636694317,-0.022364746092989662,0.0,317.9176955144239,315.7406526193288,293.15,268.15,2.43974,0.226695833333333,315.4116925801403,319.1732794243673,2.06,1.81,1.62,5.5,5.8,5.8,0.29000000000000004,0.2588,0.06097,0.1716,0.204452,-1.6749999999999983,0,0.0,319.1732794243673
2017-01-02 08:00:00+01:00,1.0,0.0,0.0,0.0,1.45,1.45,0.0,0.21070833333333305,0.0,2.6245,0.0035545902713389134,0.022039075654338932,0.0,-3.0527491636694317,5.655210088014883,316.9941484299211,315.4116925801403,293.15,268.34999999999997,1.375135,0.21070833333333305,315.4116925801403,319.1732794243673,2.06,1.81,1.62,5.5,5.8,5.8,0.29000000000000004,0.2588,0.06125,0.1716,0.204452,-1.6749999999999983,0,0.0,319.1732794243673
2017-01-02 08:15:00+01:00,1.0,0.0,0.0,0.0,1.45,1.45,0.0,0.16734375,0.0,2.6245,0.003444846819358548,0.022039075654338932,0.0,0.0,2.6024609243455523,316.25799068501,315.4116925801403,293.15,268.34999999999997,1.375135,0.16734375,315.4116925801403,319.1732794243673,2.06,1.81,1.62,5.5,5.8,5.8,0.29000000000000004,0.2588,0.06125,0.1716,0.204452,-1.6749999999999983,0,0.0,319.1732794243673
2017-01-02 08:30:00+01:00,1.0,0.0,0.0,0.0,0.2129957628799388,0.2129957628799388,0.0,0.04501875,0.0,0.3855223308126892,0.003413725613606075,0.022039075654338932,0.0,0.0,0.3634832551582417,316.0492300142617,315.4116925801403,293.15,268.34999999999997,1.375135,0.04501875,315.4116925801403,319.1732794243673,2.06,1.81,1.62,5.5,5.8,5.8,0.29000000000000004,0.2588,0.06125,0.1716,0.204452,-1.6749999999999983,0,0.0,319.1732794243673
2017-01-02 08:45:00+01:00,1.0,0.0,0.0,0.0,0.012176284891959956,0.012176284891959956,0.0,0.0337679166666666,0.0,0.02203907565444752,0.003389849186440912,0.022039075654338932,0.0,0.0,0.0,315.88906723041214,315.4116925801403,293.15,268.34999999999997,1.375135,0.0337679166666666,315.4116925801403,319.1732794243673,2.06,1.81,1.62,5.5,5.8,5.8,0.29000000000000004,0.2588,0.06125,0.1716,0.204452,-1.6749999999999983,0,0.0,319.1732794243673
2017-01-02 09:00:00+01:00,1.0,0.0,0.0,0.0,0.012176284891959956,0.012176284891959956,0.0,0.302663333333333,0.0,0.02203907565444752,0.003193315196198719,0.022039075654338932,0.0,0.0,0.0,314.57071960743997,315.4116925801403,293.15,269.75,1.03539,0.302663333333333,315.4116925801403,319.1732794243673,2.06,1.81,1.62,5.5,5.8,5.8,0.29000000000000004,0.2588,0.06104,0.1716,0.204452,-1.6749999999999983,0,0.0,319.1732794243673
2017-01-02 09:15:00+01:00,1.0,0.0,0.0,0.0,0.012176284891959956,0.012176284891959956,0.0,0.110957916666666,0.0,0.02203907565444752,0.0031200122594203373,0.022039075654338932,0.0,0.0,0.0,314.0790043965517,315.4116925801403,293.15,269.75,1.03539,0.110957916666666,315.4116925801403,319.1732794243673,2.06,1.81,1.62,5.5,5.8,5.8,0.29000000000000004,0.2588,0.06104,0.1716,0.204452,-1.6749999999999983,0,0.0,319.1732794243673
2017-01-02 09:30:00+01:00,1.0,0.0,0.0,0.0,1.4500000000000002,1.4500000000000002,0.0,0.2125475,0.0,2.6245000000000003,0.0029815199999999945,0.02220777533400081,1.581346492184366,1.581346492184366,1.0209457324813231,313.15,315.58209629697046,293.15,269.75,1.03539,0.2125475,315.4116925801403,319.1732794243673,2.06,1.81,1.62,5.5,5.8,5.8,0.29000000000000004,0.2588,0.06104,0.1716,0.204452,-1.6749999999999983,0,0.0,319.1732794243673
2017-01-02 09:45:00+01:00,0.0,1.0,0.0,0.0,0.023376195473240102,0.0,0.023376195473240102,0.0348879166666666,0.0,0.0,0.0029815199999999945,0.022205406438270847,1.5591410857459778,-0.02220540643838831,0.0,313.15,315.5797034730008,293.15,269.75,1.03539,0.0348879166666666,315.4116925801403,319.1732794243673,2.06,1.81,1.62,5.5,5.8,5.8,0.29000000000000004,0.2588,0.06104,0.1716,0.204452,-1.6749999999999983,0,0.0,319.1732794243673
2017-01-02 10:00:00+01:00,0.0,1.0,0.0,0.0,0.0542398786008107,0.0,0.0542398786008107,0.0848870833333333,0.0,0.0,0.0029815199999999945,0.022043778207941844,0.04408050246001949,-1.5150605832859585,1.4930168050780048,313.15,315.4164426342847,293.15,270.95,0.9340950000000001,0.0848870833333333,315.4116925801403,319.1732794243673,2.06,1.81,1.62,5.5,5.8,5.8,0.29000000000000004,0.2588,0.061220000000000004,0.1716,0.204452,-1.6749999999999983,0,0.0,319.1732794243673
2017-01-02 10:15:00+01:00,0.0,1.0,0.0,0.0,0.07452177160492822,0.0,0.07452177160492822,0.11774375,0.0,0.0,0.0029815199999999945,0.022041426805728737,0.022039075654447515,-0.022041426805571973,0.0,313.15,315.41406748053413,293.15,270.95,0.9340950000000001,0.11774375,315.4116925801403,319.1732794243673,2.06,1.81,1.62,5.5,5.8,5.8,0.29000000000000004,0.2588,0.061220000000000004,0.1716,0.204452,-1.6749999999999983,0,0.0,319.1732794243673
2017-01-02 10:30:00+01:00,0.0,1.0,0.0,0.0,0.2800470034560405,0.0,0.2800470034560405,0.06661875,0.0,0.0,0.0032281567569378837,0.022039075654338932,0.0,-0.022039075654447515,0.0,314.8044363743184,315.4116925801403,293.15,270.95,0.9340950000000001,0.06661875,315.4116925801403,319.1732794243673,2.06,1.81,1.62,5.5,5.8,5.8,0.29000000000000004,0.2588,0.061220000000000004,0.1716,0.204452,-1.6749999999999983,0,0.0,319.1732794243673
2017-01-02 10:45:00+01:00,1.0,0.0,0.0,0.0,1.45,1.45,0.0,0.04828375,0.0,2.6245,0.0031950780596455637,0.022039075654338932,0.0,0.0,2.6024609243454506,314.58254487406134,315.4116925801403,293.15,270.95,0.9340950000000001,0.04828375,315.4116925801403,319.1732794243673,2.06,1.81,1.62,5.5,5.8,5.8,0.29000000000000004,0.2588,0.061220000000000004,0.1716,0.204452,-1.6749999999999983,0,0.0,319.1732794243673
2017-01-02 11:00:00+01:00,1.0,0.0,0.0,0.0,1.35,1.35,0.0,0.0513716666666666,0.0,2.7540000000000004,0.003160037678796405,0.022039075654338932,0.0,0.0,2.7319609243455534,314.34749442429637,315.4116925801403,293.15,272.65,2.816225,0.0513716666666666,315.4116925801403,319.1732794243673,2.39,2.04,1.78,4.8,5.4,5.8,0.29000000000000004,0.2588,0.06102000000000001,0.1716,0.204452,-1.6749999999999983,0,0.0,319.1732794243673
2017-01-02 11:15:00+01:00,1.0,0.0,0.0,0.0,1.35,1.35,0.0,0.0409291666666666,0.0,2.7540000000000004,0.003131725516886258,0.022039075654338932,0.0,0.0,2.7319609243455534,314.1575767855742,315.4116925801403,293.15,272.65,2.816225,0.0409291666666666,315.4116925801403,319.1732794243673,2.39,2.04,1.78,4.8,5.4,5.8,0.29000000000000004,0.2588,0.06102000000000001,0.1716,0.204452,-1.6749999999999983,0,0.0,319.1732794243673
2017-01-02 11:30:00+01:00,1.0,0.0,0.0,0.0,1.35,1.35,0.0,0.11628041666666601,0.0,2.7540000000000004,0.00305504425321345,0.022039075654338932,0.0,0.0,2.7319609243455534,313.64319979885056,315.4116925801403,293.15,272.65,2.816225,0.116280416666666,315.4116925801403,319.1732794243673,2.39,2.04,1.78,4.8,5.4,5.8,0.29000000000000004,0.2588,0.06102000000000001,0.1716,0.204452,-1.6749999999999983,0,0.0,319.1732794243673
2017-01-02 11:45:00+01:00,1.0,0.0,0.0,0.0,1.35,1.35,0.0,0.111440833333333,0.0,2.7540000000000004,0.0029815199999999945,0.022041426805728737,0.022039075654447515,0.022039075654447515,2.7099194975398855,313.15,315.41406748053413,293.15,272.65,2.816225,0.111440833333333,315.4116925801403,319.1732794243673,2.39,2.04,1.78,4.8,5.4,5.8,0.29000000000000004,0.2588,0.06102000000000001,0.1716,0.204452,-1.6749999999999983,0,0.0,319.1732794243673
2017-01-02 12:00:00+01:00,0.0,1.0,0.0,0.0,0.04908150763105823,0.0,0.04908150763105823,0.0610866666666666,0.0,0.0,0.0029964802499591325,0.022039075654338932,0.0,-0.022039075654447515,0.0,313.25035317528733,315.4116925801403,293.15,273.45,0.7412375,0.0610866666666666,315.4116925801403,319.1732794243673,2.39,2.04,1.78,4.8,5.4,5.8,0.29000000000000004,0.2588,0.06125,0.1716,0.204452,-1.6749999999999983,0,0.0,319.1732794243673
2017-01-02 12:15:00+01:00,1.0,0.0,0.0,0.0,1.35,1.35,0.0,0.0203004166666666,0.0,2.7540000000000004,0.0029815199999999945,0.02204612986100501,0.0661242806681912,0.0661242806681912,2.665829589470832,313.15,315.4188180414192,293.15,273.45,0.7412375,0.0203004166666666,315.4116925801403,319.1732794243673,2.39,2.04,1.78,4.8,5.4,5.8,0.29000000000000004,0.2588,0.06125,0.1716,0.204452,-1.6749999999999983,0,0.0,319.1732794243673
2017-01-02 12:30:00+01:00,0.0,1.0,0.0,0.0,0.03292782022471385,0.0,0.03292782022471385,0.05563,0.0,0.0,0.0029815200000000088,0.022043778207941844,0.04408050246001949,-0.02204377820817172,0.0,313.1500000000001,315.4164426342847,293.15,273.45,0.7412375,0.05563,315.4116925801403,319.1732794243673,2.39,2.04,1.78,4.8,5.4,5.8,0.29000000000000004,0.2588,0.06125,0.1716,0.204452,-1.6749999999999983,0,0.0,319.1732794243673
2017-01-02 12:45:00+01:00,0.0,1.0,0.0,0.0,0.13418179962546048,0.0,0.13418179962546048,0.23586208333333306,0.0,0.0,0.0029815199999999875,0.022041426805728737,0.022039075654447515,-0.022041426805571973,0.0,313.14999999999986,315.41406748053413,293.15,273.45,0.7412375,0.23586208333333306,315.4116925801403,319.1732794243673,2.39,2.04,1.78,4.8,5.4,5.8,0.29000000000000004,0.2588,0.06125,0.1716,0.204452,-1.6749999999999983,0,0.0,319.1732794243673
2017-01-02 13:00:00+01:00,0.0,1.0,0.0,0.0,0.1557838905429847,0.0,0.1557838905429847,0.213007083333333,0.0,0.0,0.003020888499851368,0.022039075654338932,0.0,-0.022039075654447515,0.0,313.41408341954013,315.4116925801403,293.15,273.45,0.813575,0.213007083333333,315.4116925801403,319.1732794243673,2.39,2.04,1.78,4.8,5.4,5.8,0.29000000000000004,0.2588,0.061220000000000004,0.1716,0.204452,-1.6749999999999983,0,0.0,319.1732794243673
2017-01-02 13:15:00+01:00,1.0,0.0,0.0,0.0,1.35,1.35,0.0,0.0582858333333333,0.0,2.7540000000000004,0.0029815199999999875,0.022041426805728792,0.022039075654902263,0.022039075654902263,2.7099194975394307,313.14999999999986,315.41406748053413,293.15,273.45,0.813575,0.0582858333333333,315.4116925801403,319.1732794243673,2.39,2.04,1.78,4.8,5.4,5.8,0.29000000000000004,0.2588,0.061220000000000004,0.1716,0.204452,-1.6749999999999983,0,0.0,319.1732794243673
2017-01-02 13:30:00+01:00,0.0,1.0,0.0,0.0,0.1131550970157349,0.0,0.1131550970157349,0.0306808333333333,0.0,0.0,0.003089244113735089,0.022039075654338932,0.0,-0.022039075654902263,0.0,313.87261204845237,315.4116925801403,293.15,273.45,0.813575,0.0306808333333333,315.4116925801403,319.1732794243673,2.39,2.04,1.78,4.8,5.4,5.8,0.29000000000000004,0.2588,0.061220000000000004,0.1716,0.204452,-1.6749999999999983,0,0.0,319.1732794243673
2017-01-02 13:45:00+01:00,1.0,0.0,0.0,0.0,1.1616104861284384,1.1616104861284384,0.0,0.00848833333333333,0.0,2.3696853917020144,0.003081809499024382,0.02219952232533273,1.5039849563863754,1.5039849563863754,0.8435009129897377,313.8227407431403,315.5737599245785,293.15,273.45,0.813575,0.00848833333333333,315.4116925801403,319.1732794243673,2.39,2.04,1.78,4.8,5.4,5.8,0.29000000000000004,0.2588,0.061220000000000004,0.1716,0.204452,-1.6749999999999983,0,0.0,319.1732794243673
2017-01-02 14:00:00+01:00,1.0,0.0,0.0,0.0,1.35,1.35,0.0,0.0916154166666666,0.0,2.7540000000000004,0.0030209990752608426,0.022039075654338932,0.0,-1.5039849563863754,4.2359458807323485,313.4148251580458,315.4116925801403,293.15,273.45,2.1297425,0.0916154166666666,315.4116925801403,319.1732794243673,2.39,2.04,1.78,4.8,5.4,5.8,0.29000000000000004,0.2588,0.06092,0.1716,0.204452,-1.6749999999999983,0,0.0,319.1732794243673
2017-01-02 14:15:00+01:00,1.0,0.0,0.0,0.0,1.35,1.35,0.0,0.0584579166666666,0.0,2.7540000000000004,0.0029815199999999945,0.022041426805728737,0.022039075654447515,0.022039075654447515,2.7099194975398855,313.15,315.41406748053413,293.15,273.45,2.1297425,0.0584579166666666,315.4116925801403,319.1732794243673,2.39,2.04,1.78,4.8,5.4,5.8,0.29000000000000004,0.2588,0.06092,0.1716,0.204452,-1.6749999999999983,0,0.0,319.1732794243673
2017-01-02 14:30:00+01:00,0.0,1.0,0.0,0.0,0.3093812191226704,0.0,0.3093812191226704,0.151775416666666,0.0,0.0,0.0032357764284706297,0.022039075654338932,0.0,-0.022039075654447515,0.0,314.8555490385483,315.4116925801403,293.15,273.45,2.1297425,0.151775416666666,315.4116925801403,319.1732794243673,2.39,2.04,1.78,4.8,5.4,5.8,0.29000000000000004,0.2588,0.06092,0.1716,0.204452,-1.6749999999999983,0,0.0,319.1732794243673
2017-01-02 14:45:00+01:00,1.0,0.0,0.0,0.0,1.35,1.35,0.0,0.11083,0.0,2.7540000000000004,0.0031625283674408602,0.022039075654338932,0.0,0.0,2.7319609243455534,314.3642019335162,315.4116925801403,293.15,273.45,2.1297425,0.11083,315.4116925801403,319.1732794243673,2.39,2.04,1.78,4.8,5.4,5.8,0.29000000000000004,0.2588,0.06092,0.1716,0.204452,-1.6749999999999983,0,0.0,319.1732794243673
2017-01-02 15:00:00+01:00,1.0,0.0,0.0,0.0,1.35,1.35,0.0,0.0796345833333333,0.0,2.7540000000000004,0.003109359677577514,0.022039075654338932,0.0,0.0,2.7319609243455534,314.0075470067449,315.4116925801403,293.15,273.25,3.021675,0.0796345833333333,315.4116925801403,319.1732794243673,2.39,2.04,1.78,4.8,5.4,5.8,0.29000000000000004,0.2588,0.05997,0.1716,0.204452,-1.6749999999999983,0,0.0,319.1732794243673
2017-01-02 15:15:00+01:00,1.0,0.0,0.0,0.0,1.35,1.35,0.0,0.0105041666666666,0.0,2.7540000000000004,0.003100617665383179,0.022039075654338932,0.0,0.0,2.7319609243455534,313.94890569496886,315.4116925801403,293.15,273.25,3.021675,0.0105041666666666,315.4116925801403,319.1732794243673,2.39,2.04,1.78,4.8,5.4,5.8,0.29000000000000004,0.2588,0.05997,0.1716,0.204452,-1.6749999999999983,0,0.0,319.1732794243673
2017-01-02 15:30:00+01:00,1.0,0.0,0.0,0.0,1.35,1.35,0.0,0.106980833333333,0.0,2.7540000000000004,0.003029928164171997,0.022039075654338932,0.0,0.0,2.7319609243455534,313.47472137816953,315.4116925801403,293.15,273.25,3.021675,0.106980833333333,315.4116925801403,319.1732794243673,2.39,2.04,1.78,4.8,5.4,5.8,0.29000000000000004,0.2588,0.05997,0.1716,0.204452,-1.6749999999999983,0,0.0,319.1732794243673
2017-01-02 15:45:00+01:00,1.0,0.0,0.0,0.0,1.35,1.35,0.0,0.0343520833333333,0.0,2.7540000000000004,0.00300592306864448,0.022039075654338932,0.0,0.0,2.7319609243455534,313.31369548850574,315.4116925801403,293.15,273.25,3.021675,0.0343520833333333,315.4116925801403,319.1732794243673,2.39,2.04,1.78,4.8,5.4,5.8,0.29000000000000004,0.2588,0.05997,0.1716,0.204452,-1.6749999999999983,0,0.0,319.1732794243673
2017-01-02 16:00:00+01:00,1.0,0.0,0.0,0.0,0.8958060594331295,0.8958060594331295,0.0,0.0349958333333333,0.0,1.827444361243584,0.0029815199999999875,0.022041426805728737,0.022039075654447515,0.022039075654447515,1.7833638587833012,313.14999999999986,315.41406748053413,293.15,272.95,1.4485700000000001,0.0349958333333333,315.4116925801403,319.1732794243673,2.39,2.04,1.78,4.8,5.4,5.8,0.29000000000000004,0.2588,0.06091,0.1716,0.204452,-1.6749999999999983,0,0.0,319.1732794243673
2017-01-02 16:15:00+01:00,0.0,1.0,0.0,0.0,0.16875139833277816,0.0,0.16875139833277816,0.19808125,0.0,0.0,0.003045295576063305,0.022039075654338932,0.0,-0.022039075654447515,0.0,313.57780579075984,315.4116925801403,293.15,272.95,1.4485700000000001,0.19808125,315.4116925801403,319.1732794243673,2.39,2.04,1.78,4.8,5.4,5.8,0.29000000000000004,0.2588,0.06091,0.1716,0.204452,-1.6749999999999983,0,0.0,319.1732794243673
2017-01-02 16:30:00+01:00,1.0,0.0,0.0,0.0,1.35,1.35,0.0,0.0476258333333333,0.0,2.7540000000000004,0.003012756789592744,0.022039075654338932,0.0,0.0,2.7319609243455534,313.3595360057471,315.4116925801403,293.15,272.95,1.4485700000000001,0.0476258333333333,315.4116925801403,319.1732794243673,2.39,2.04,1.78,4.8,5.4,5.8,0.29000000000000004,0.2588,0.06091,0.1716,0.204452,-1.6749999999999983,0,0.0,319.1732794243673
2017-01-02 16:45:00+01:00,1.0,0.0,0.0,0.0,1.35,1.35,0.0,0.0456308333333333,0.0,2.7540000000000004,0.0029815199999999945,0.022043778207941955,0.04408050246092898,0.04408050246092898,2.6878757193312595,313.15,315.4164426342848,293.15,272.95,1.4485700000000001,0.0456308333333333,315.4116925801403,319.1732794243673,2.39,2.04,1.78,4.8,5.4,5.8,0.29000000000000004,0.2588,0.06091,0.1716,0.204452,-1.6749999999999983,0,0.0,319.1732794243673
2017-01-02 17:00:00+01:00,0.0,1.0,0.0,0.0,0.15494467415727087,0.0,0.15494467415727087,0.27282,0.0,0.0,0.002981519999999967,0.022041426805728848,0.02203907565535701,-0.022041426805571973,0.0,313.14999999999975,315.4140674805342,293.15,273.04999999999995,1.02971,0.27282,315.4116925801403,319.1732794243673,2.39,2.04,1.78,4.8,5.4,5.8,0.29000000000000004,0.2588,0.06636,0.1716,0.204452,-1.6749999999999983,0,0.0,319.1732794243673
2017-01-02 17:15:00+01:00,-5.053735208093713e-13,1.0000000000005054,0.0,0.0,0.17744930744085252,-6.821210263296962e-13,0.17744930744153464,0.183661666666666,0.0,-1.39152689371258e-12,0.003064497245907398,0.022039075654338932,0.0,-0.02203907565535701,0.0,313.70661035919534,315.4116925801403,293.15,273.04999999999995,1.02971,0.183661666666666,315.4116925801403,319.1732794243673,2.39,2.04,1.78,4.8,5.4,5.8,0.29000000000000004,0.2588,0.06636,0.1716,0.204452,-1.6749999999999983,0,0.0,319.1732794243673
2017-01-02 17:30:00+01:00,1.0,0.0,0.0,0.0,1.35,1.35,0.0,0.126152083333333,0.0,2.7540000000000004,0.0029815199999999875,0.022041426805728737,0.022039075654447515,0.022039075654447515,2.7099194975398855,313.14999999999986,315.41406748053413,293.15,273.04999999999995,1.02971,0.126152083333333,315.4116925801403,319.1732794243673,2.39,2.04,1.78,4.8,5.4,5.8,0.29000000000000004,0.2588,0.06636,0.1716,0.204452,-1.6749999999999983,0,0.0,319.1732794243673
2017-01-02 17:45:00+01:00,0.0,1.0,0.0,0.0,0.11227014387003464,0.0,0.11227014387003464,0.08346625,0.0,0.0,0.0030543360886660306,0.022039075654338932,0.0,-0.022039075654447515,0.0,313.6384494396551,315.4116925801403,293.15,273.04999999999995,1.02971,0.08346625,315.4116925801403,319.1732794243673,2.39,2.04,1.78,4.8,5.4,5.8,0.29000000000000004,0.2588,0.06636,0.1716,0.204452,-1.6749999999999983,0,0.0,319.1732794243673
2017-01-02 18:00:00+01:00,1.0,0.0,0.0,0.0,1.35,1.35,0.0,0.11033875,0.0,2.7540000000000004,0.0029815199999999945,0.022041426805728737,0.022039075654447515,0.022039075654447515,2.709919497539981,313.15,315.41406748053413,293.15,273.34999999999997,2.1711099999999997,0.11033875,315.4116925801403,319.1732794243673,2.39,2.04,1.78,4.8,5.4,5.8,0.29000000000000004,0.2588,0.06452999999999999,0.1716,0.204452,-1.6749999999999983,0,0.0,319.1732794243673
2017-01-02 18:15:00+01:00,0.0,1.0,0.0,0.0,0.7265671585945697,0.0,0.7265671585945697,0.49208166666666603,0.0,0.0,0.0034941061116593388,0.022039075654338932,0.0,-0.022039075654447515,0.0,316.5884214203449,315.4116925801403,293.15,273.34999999999997,2.1711099999999997,0.492081666666666,315.4116925801403,319.1732794243673,2.39,2.04,1.78,4.8,5.4,5.8,0.29000000000000004,0.2588,0.06452999999999999,0.1716,0.204452,-1.6749999999999983,0,0.0,319.1732794243673
2017-01-02 18:30:00+01:00,1.0,0.0,0.0,0.0,1.26325832412877,1.26325832412877,0.0,0.37522125,0.0,2.577046981222691,0.003250911646273225,0.02203907565433888,-4.547473508864641e-13,-4.547473508864641e-13,2.5550079055686163,314.95707589600755,315.41169258014025,293.15,273.34999999999997,2.1711099999999997,0.37522125,315.4116925801403,319.1732794243673,2.39,2.04,1.78,4.8,5.4,5.8,0.29000000000000004,0.2588,0.06452999999999999,0.1716,0.204452,-1.6749999999999983,0,0.0,319.1732794243673
2017-01-02 18:45:00+01:00,1.0,0.0,0.0,0.0,1.35,1.35,0.0,0.17732708333333302,0.0,2.7540000000000004,0.003134952342693745,0.022039075654338932,0.0,4.547473508864641e-13,2.7319609243454166,314.17922229395566,315.4116925801403,293.15,273.34999999999997,2.1711099999999997,0.17732708333333302,315.4116925801403,319.1732794243673,2.39,2.04,1.78,4.8,5.4,5.8,0.29000000000000004,0.2588,0.06452999999999999,0.1716,0.204452,-1.6749999999999983,0,0.0,319.1732794243673
2017-01-02 19:00:00+01:00,1.0,0.0,0.0,0.0,1.35,1.35,0.0,0.1055875,0.0,2.7540000000000004,0.0030651355310798503,0.022039075654338932,0.0,0.0,2.7319609243455534,313.7108919683909,315.4116925801403,293.15,273.54999999999995,0.8187875,0.1055875,315.4116925801403,319.1732794243673,2.39,2.04,1.78,4.8,5.4,5.8,0.29000000000000004,0.2588,0.06166,0.1716,0.204452,-1.6749999999999983,0,0.0,319.1732794243673
2017-01-02 19:15:00+01:00,1.0,0.0,0.0,0.0,1.35,1.35,0.0,0.127145416666666,0.0,2.7540000000000004,0.0029815199999999945,0.022199210292387583,1.5010600415066617,1.5010600415066617,1.2307407482004278,313.15,315.57344473978543,293.15,273.54999999999995,0.8187875,0.127145416666666,315.4116925801403,319.1732794243673,2.39,2.04,1.78,4.8,5.4,5.8,0.29000000000000004,0.2588,0.06166,0.1716,0.204452,-1.6749999999999983,0,0.0,319.1732794243673
2017-01-02 19:30:00+01:00,0.0,1.0,0.0,0.0,0.3065468164866445,0.0,0.3065468164866445,0.237252916666666,0.0,0.0,0.003177646679571204,0.022196842310287682,1.4788631991964394,-0.02219684231022256,0.0,314.465615387931,315.5710528386744,293.15,273.54999999999995,0.8187875,0.237252916666666,315.4116925801403,319.1732794243673,2.39,2.04,1.78,4.8,5.4,5.8,0.29000000000000004,0.2588,0.06166,0.1716,0.204452,-1.6749999999999983,0,0.0,319.1732794243673
2017-01-02 19:45:00+01:00,1.0,0.0,0.0,0.0,1.35,1.35,0.0,0.30224125,0.0,2.7540000000000004,0.0029815199999999945,0.022488242810246528,4.210374956386659,2.731511757190219,0.0,313.15,315.8653967780268,293.15,273.54999999999995,0.8187875,0.30224125,315.4116925801403,319.1732794243673,2.39,2.04,1.78,4.8,5.4,5.8,0.29000000000000004,0.2588,0.06166,0.1716,0.204452,-1.6749999999999983,0,0.0,319.1732794243673
2017-01-02 20:00:00+01:00,0.0,1.0,0.0,0.0,0.4393610690975862,0.0,0.4393610690975862,0.11051208333333301,0.0,0.0,0.00341084588325688,0.02203907565433899,9.094947017729282e-13,-4.210374956385748,4.188335880731339,316.0299128180048,315.41169258014037,293.15,273.65,2.08989,0.110512083333333,315.4116925801403,319.1732794243673,2.39,2.04,1.78,4.8,5.4,5.8,0.29000000000000004,0.2588,0.06125,0.1716,0.204452,-1.6749999999999983,0,0.0,319.1732794243673
2017-01-02 20:15:00+01:00,1.0,0.0,0.0,0.0,1.35,1.35,0.0,0.3943658333333329,0.0,2.7540000000000004,0.00315541106847049,0.022039075654338932,0.0,-9.094947017729282e-13,2.7319609243464624,314.3164591783418,315.4116925801403,293.15,273.65,2.08989,0.3943658333333329,315.4116925801403,319.1732794243673,2.39,2.04,1.78,4.8,5.4,5.8,0.29000000000000004,0.2588,0.06125,0.1716,0.204452,-1.6749999999999983,0,0.0,319.1732794243673
2017-01-02 20:30:00+01:00,1.0,0.0,0.0,0.0,1.35,1.35,0.0,0.0773908333333333,0.0,2.7540000000000004,0.003103687787304202,0.022039075654338932,0.0,0.0,2.7319609243455534,313.9695000355805,315.4116925801403,293.15,273.65,2.08989,0.0773908333333333,315.4116925801403,319.1732794243673,2.39,2.04,1.78,4.8,5.4,5.8,0.29000000000000004,0.2588,0.06125,0.1716,0.204452,-1.6749999999999983,0,0.0,319.1732794243673
2017-01-02 20:45:00+01:00,1.0,0.0,0.0,0.0,1.35,1.35,0.0,0.0851258333333333,0.0,2.7540000000000004,0.003047030641313321,0.022039075654338932,0.0,0.0,2.7319609243455534,313.58944458741394,315.4116925801403,293.15,273.65,2.08989,0.0851258333333333,315.4116925801403,319.1732794243673,2.39,2.04,1.78,4.8,5.4,5.8,0.29000000000000004,0.2588,0.06125,0.1716,0.204452,-1.6749999999999983,0,0.0,319.1732794243673
2017-01-02 21:00:00+01:00,1.0,0.0,0.0,0.0,1.35,1.35,0.0,0.04716625,0.0,2.7540000000000004,0.0030147858650089523,0.022039075654338932,0.0,0.0,2.7319609243455534,313.37314701903017,315.4116925801403,293.15,273.75,3.049625,0.04716625,315.4116925801403,319.1732794243673,2.39,2.04,1.78,4.8,5.4,5.8,0.29000000000000004,0.2588,0.061239999999999996,0.1716,0.204452,-1.6749999999999983,0,0.0,319.1732794243673
2017-01-02 21:15:00+01:00,1.0,0.0,0.0,0.0,1.35,1.35,0.0,0.0248041666666666,0.0,2.7540000000000004,0.002996921748385839,0.022039075654338932,0.0,0.0,2.7319609243455534,313.2533147413792,315.4116925801403,293.15,273.75,3.049625,0.0248041666666666,315.4116925801403,319.1732794243673,2.39,2.04,1.78,4.8,5.4,5.8,0.29000000000000004,0.2588,0.061239999999999996,0.1716,0.204452,-1.6749999999999983,0,0.0,319.1732794243673
2017-01-02 21:30:00+01:00,1.0,0.0,0.0,0.0,1.35,1.35,0.0,0.0209875,0.0,2.7540000000000004,0.0029815199999999945,0.022041426805728792,0.022039075654902263,0.022039075654902263,2.7099194975395258,313.15,315.41406748053413,293.15,273.75,3.049625,0.0209875,315.4116925801403,319.1732794243673,2.39,2.04,1.78,4.8,5.4,5.8,0.29000000000000004,0.2588,0.061239999999999996,0.1716,0.204452,-1.6749999999999983,0,0.0,319.1732794243673
2017-01-02 21:45:00+01:00,0.0,1.0,0.0,0.0,0.2708663643855118,0.0,0.2708663643855118,0.267159583333333,0.0,0.0,0.0031176578015718677,0.022039075654338932,0.0,-0.022039075654902263,4.547473508864641e-13,314.06321072185915,315.4116925801403,293.15,273.75,3.049625,0.267159583333333,315.4116925801403,319.1732794243673,2.39,2.04,1.78,4.8,5.4,5.8,0.29000000000000004,0.2588,0.061239999999999996,0.1716,0.204452,-1.6749999999999983,0,0.0,319.1732794243673
2017-01-02 22:00:00+01:00,1.0,0.0,0.0,0.0,1.2452377237190162,1.2452377237190162,0.0,0.12295708333333301,0.0,2.540284956386793,0.0030366981077696448,0.022039075654338932,0.0,0.0,2.5182458807322545,313.52013407771636,315.4116925801403,293.15,273.45,2.9916,0.122957083333333,315.4116925801403,319.1732794243673,2.39,2.04,1.78,4.8,5.4,5.8,0.29000000000000004,0.2588,0.061220000000000004,0.1716,0.204452,-1.6749999999999983,0,0.0,319.1732794243673
2017-01-02 22:15:00+01:00,1.0,0.0,0.0,0.0,1.35,1.35,0.0,0.0268554166666666,0.0,2.7540000000000004,0.003017502696877235,0.022039075654338932,0.0,0.0,2.7319609243455534,313.39137149425284,315.4116925801403,293.15,273.45,2.9916,0.0268554166666666,315.4116925801403,319.1732794243673,2.39,2.04,1.78,4.8,5.4,5.8,0.29000000000000004,0.2588,0.061220000000000004,0.1716,0.204452,-1.6749999999999983,0,0.0,319.1732794243673
2017-01-02 22:30:00+01:00,1.0,0.0,0.0,0.0,1.35,1.35,0.0,0.0530166666666666,0.0,2.7540000000000004,0.0029815199999999875,0.022041426805728792,0.022039075654902263,0.022039075654902263,2.7099194975395258,313.14999999999986,315.41406748053413,293.15,273.45,2.9916,0.0530166666666666,315.4116925801403,319.1732794243673,2.39,2.04,1.78,4.8,5.4,5.8,0.29000000000000004,0.2588,0.061220000000000004,0.1716,0.204452,-1.6749999999999983,0,0.0,319.1732794243673
2017-01-02 22:45:00+01:00,0.0,1.0,0.0,0.0,0.28487883476838505,0.0,0.28487883476838505,0.0078725,0.0,0.0,0.003300177434934257,0.022039075654338932,0.0,-0.022039075654902263,4.547473508864641e-13,315.2875502088482,315.4116925801403,293.15,273.45,2.9916,0.0078725,315.4116925801403,319.1732794243673,2.39,2.04,1.78,4.8,5.4,5.8,0.29000000000000004,0.2588,0.061220000000000004,0.1716,0.204452,-1.6749999999999983,0,0.0,319.1732794243673
2017-01-02 23:00:00+01:00,1.0,0.0,0.0,0.0,1.35,1.35,0.0,0.230121666666666,0.0,2.7540000000000004,0.003150284118833821,0.022039075654338932,0.0,0.0,2.7319609243455534,314.28206766235894,315.4116925801403,293.15,273.15,1.7303925,0.230121666666666,315.4116925801403,319.1732794243673,2.39,2.04,1.78,4.8,5.4,5.8,0.29000000000000004,0.1646,0.060110000000000004,0.1716,0.13003399999999998,-1.6749999999999983,0,0.0,319.1732794243673
2017-01-02 23:15:00+01:00,1.0,0.0,0.0,0.0,1.35,1.35,0.0,0.121695,0.0,2.7540000000000004,0.00307011392864405,0.022039075654338932,0.0,0.0,2.7319609243455534,313.74428699887335,315.4116925801403,293.15,273.15,1.7303925,0.121695,315.4116925801403,319.1732794243673,2.39,2.04,1.78,4.8,5.4,5.8,0.29000000000000004,0.1646,0.060110000000000004,0.1716,0.13003399999999998,-1.6749999999999983,0,0.0,319.1732794243673
2017-01-02 23:30:00+01:00,1.0,0.0,0.0,0.0,1.35,1.35,0.0,0.12794708333333302,0.0,2.7540000000000004,0.0029859804053254946,0.022039075654338932,0.0,0.0,2.7319609243455534,313.17992034482745,315.4116925801403,293.15,273.15,1.7303925,0.12794708333333302,315.4116925801403,319.1732794243673,2.39,2.04,1.78,4.8,5.4,5.8,0.29000000000000004,0.1646,0.060110000000000004,0.1716,0.13003399999999998,-1.6749999999999983,0,0.0,319.1732794243673
2017-01-02 23:45:00+01:00,1.0,0.0,0.0,0.0,1.35,1.35,0.0,0.00396,0.0,2.7540000000000004,0.0029815199999999945,0.022039075654338932,0.0,0.0,2.7319609243455534,313.15,315.4116925801403,293.15,273.15,1.7303925,0.00396,315.4116925801403,319.1732794243673,2.39,2.04,1.78,4.8,5.4,5.8,0.29000000000000004,0.1646,0.060110000000000004,0.1716,0.13003399999999998,-1.6749999999999983,0,0.0,319.1732794243673
